wallet,net_sol_pnl,sol_spent,sol_received,net_soltit,buys,sells,first_seen,last_seen
BTmqi8V5WvMBiXhEDf7zhncFoxFczQREyQNcKLkhzEZS,22.0411,0.0000,22.0411,-1429966670.73,0,376,2025-10-06,2025-12-05
GbLeL5XcQAhZALcFA8RMVnpuCLTt5Bh6tKNZDPdyrGz4,14.5179,0.0000,14.5179,-528498540.00,0,30,2025-12-07,2025-12-19
2onD44ZzLk5p5C4vDBDjKRYvnxsboex3bLUqjP3sMRKM,12.8471,7.6945,20.5416,-59648886.06,17,18,2025-10-15,2025-12-15
GsxE8wWpm73zMBtdxtkukWspAsu2nTS8cegqdCeXxTU2,11.6042,0.0298,11.6340,-17306543.61,2,11,2025-10-06,2025-12-18
4dTbAUtv1CRg6wybWcegqnsV8b87pf4hJ6eZPtNiodZq,10.2634,0.0992,10.3625,10198755.27,1,5,2025-10-06,2025-12-08
yudkpbXU7Ufvumi6fpJ69HMwyfoQQ8UeSFZc4be2hiW,8.9369,13.3725,22.3093,-1054359323.70,65,20,2025-10-06,2025-12-16
66UjdHPLzR2CedEN24spp4vqoSPmmu5eVbP6uqXRJSo7,8.8538,1.1044,9.9582,-10961307.47,5,8,2025-10-12,2025-12-10
AgMBjJdCzKDeyXPNRi2yZ6vLwKxsXe4D4ZWW3PwQGHjS,8.5779,0.1344,8.7122,11284773.48,2,5,2025-10-06,2025-12-10
5LMtwSn45ttbcUfqnEbyT9PwEuTYbQ3LgHEHSTD4oUWY,8.2113,25.9508,34.1620,-142415649.15,91,51,2025-10-12,2025-12-16
7FXbPCp8BdGpDfFkz6dNbNuKYCpVYmrzDUbb2nFZesAP,4.3472,1.1563,5.5035,5535009.84,6,21,2025-10-11,2025-12-08
3bgr41CSvkEobyETCPJEpXhuN7rTNNo3W5zGhkh35M7v,3.7108,1.8096,5.5204,-1552407.52,15,10,2025-10-19,2025-12-13
5KVqoQF1Y36SPU4Z2idyePtHGFbToutCHCumBcnXFVfL,3.6863,4.6779,8.3642,-74020683.83,8,7,2025-10-21,2025-12-15
6kwDCDDDJ63y4pbdqvxQEYfp8BNvrtrM6ZFLFQF3jScp,3.6502,0.1100,3.7602,3448651.27,1,2,2025-10-07,2025-12-10
7x6bx7CxhxRjvTcqokUwtymfP6bpBTa4oUDsqosRPWVC,3.4673,0.0000,3.4673,1246912.35,0,3,2025-12-12,2025-12-18
EXTcRwFPU1SubQyCm5HiBHPVGxNze75oh6kcLDHpFmWo,3.4598,0.4065,3.8663,861867.10,3,2,2025-10-19,2025-12-12
Hjwo1jEQu4pmA7RehQbQouASEvUdndYYPz67rrXegEns,2.7992,0.8486,3.6478,93687956.36,4,3,2025-10-09,2025-12-18
DtiJsZT9RbBiUENoT7JuKtfGnMpZbRvVPFnW3p59Vzep,2.7063,0.0938,2.8000,-13302499.52,16,9,2025-10-08,2025-10-29
HqDBa9h338yEnCiCDdm9UKzveHP1YFFQyqmGMbGw1JcP,2.6501,0.0000,2.6501,-37690344.64,0,3,2025-12-14,2025-12-15
468HsW33kneqfYnieS1NGQUvojMS7fdu9gbX2Qef9ng8,2.3515,0.7760,3.1275,-92947249.27,5,4,2025-10-15,2025-12-12
6gyf431apkiPUZSpLT2y3i1Zu1Xy8bq3jAC5MnzkHx3v,2.0606,0.1633,2.2238,8490853.11,3,12,2025-10-06,2025-12-10
LCJ2bM8gHxFkcepShNUMovsEKVf3b14RiAuMbnUJptC,1.7890,0.2356,2.0246,-21535408.72,5,3,2025-10-14,2025-12-15
6J7gwhAtwB2S2uruwafkgV8d5XnZuaNT1C187vYcs4pY,1.6509,0.0000,1.6509,-16256157.44,0,2,2025-12-12,2025-12-14
HxFHJNcxA8x1xcVDFj8Z2sqjQ9gxtRGHShcXkGjn5Kom,1.6136,0.0000,1.6136,-42801479.08,0,4,2025-12-12,2025-12-12
FjpFsSRZJjxXCgnvbm1wXXKA6ErP13G62PJAGyTtkYHS,1.5985,0.1686,1.7671,4501796.87,6,2,2025-10-07,2025-12-10
DzhkRoQfYqmGEJkezJrpJfajKMD97qwfQT74HYfQzywE,1.5374,0.0000,1.5374,-8356966.60,0,4,2025-12-12,2025-12-12
HCmYCpPsnBiqYanPa5CQ6PCh7AqeZiNeaaugCxF1EiSs,1.4230,0.0000,1.4230,-11456377.15,0,4,2025-12-12,2025-12-16
4MvvFWgELDqwGRfxKpqT2NG15kX6g93MPA6RXgKn3qBp,1.2312,0.3755,1.6066,11740000.14,3,7,2025-10-07,2025-10-15
HSeXqWaBiZcYFJsRr4PopXQJ6WRa9mpMpvBhg7vewV6,1.0518,3.9879,5.0397,11286729.19,31,17,2025-10-19,2025-11-02
HbpeMcQYqjJDX9pMztYboBiQSHWAsviN2tNgZt3DaaF2,0.9084,0.0986,1.0071,914969.72,1,5,2025-10-14,2025-12-01
AAAiKwQGfFfQQ4CKuVNk7wpzBpFGVepmSPnvWorKidkp,0.7120,0.0000,0.7120,-5335786.39,0,1,2025-12-10,2025-12-10
CmmAmcF9bBo97HEKDrSHYbC367nZ2qbXycGcTJzTRVvY,0.6692,0.0000,0.6692,-5720000.00,0,1,2025-10-20,2025-10-27
8V4asuh4PMGsSCrKZ5mjnXPTAndhgQ9j3sgZNR7ki5FH,0.6656,0.2445,0.9101,30863104.55,10,19,2025-10-07,2025-12-13
4epJ3qUBtwsPEKAgZRaRziiEFCk2AYCZMWSzpwatojsY,0.6648,0.0397,0.7045,458652.80,1,2,2025-10-11,2025-11-21
4SB2NefDmGiKa2Exbhyoh1BfDbsbGw8U2HevPVHAQ4jG,0.6457,0.0700,0.7157,6187698.30,1,7,2025-10-07,2025-11-04
2HCMJu42Xh1UV85ypY3W3uYBt3RJxhfvmPwayj7qyNHp,0.6225,0.0000,0.6225,-2980770.87,0,2,2025-12-12,2025-12-12
6KUE7zBVwPFCm8izAvA5X2fp6ik4YzdeEFTw5btgCaKt,0.6176,0.5571,1.1747,19472613.74,7,3,2025-10-29,2025-12-05
9ueWs7QszGksYqvK3mxDezciSppyYcps6MqLZybvBEJC,0.5799,0.0000,0.5799,-10812622.35,0,4,2025-12-12,2025-12-16
2YBdK4jHFfHWZXUBX3vFSN2HseYEcmsikixgLPFtEBVi,0.5696,0.4079,0.9775,8591803.46,12,6,2025-10-06,2025-10-20
7xKB69HasDcNPpRQzNDniLHEsDSZMQzGYN5DPekSwTLw,0.5583,0.0000,0.5583,-8779453.48,0,2,2025-12-12,2025-12-12
4vFqtXYbynpxCrtNdzCm6PSCtmTsmDxRMQBPCcBaWcBs,0.5220,0.0924,0.6144,1376695.91,4,3,2025-10-07,2025-11-08
Hnxj8Fd9wMaYRWRW6YJP6zJF7nh3QTzM3KufGEuefD8v,0.4788,0.0984,0.5772,-479898.47,15,7,2025-10-16,2025-11-21
5XY5219cu7aAn92wncETqJteSQqiHER4AFX58L3DVaae,0.3863,0.0859,0.4722,205028.36,1,5,2025-10-23,2025-11-27
9gsJ6f1B5XRxBoD2wkdCv4LBPGJh62pwr1KUEx8TTdCA,0.3727,0.0000,0.3727,-4244906.28,0,2,2025-10-15,2025-12-13
AUVhH1kn9aZy6CpuRSeGZaLkQwpDve369GgaBFQYDv46,0.3567,0.0000,0.3567,-16087358.58,0,6,2025-12-12,2025-12-18
B3RMva9QLAAynaF5xBbRpQfitkpSJbXzySSCTGAPn42F,0.3566,0.0000,0.3566,-1080000.00,0,2,2025-12-06,2025-12-06
7XXxKqqc7gXo8XcZbwaKK9W9F12xPTGG392ydgNZAcUx,0.3555,0.1000,0.4555,1035132.47,1,1,2025-12-12,2025-12-12
4RwYx4jAJ4H8oqRUNfHNMzDD5M74nSj8HfGZwgtYZ5X7,0.3375,0.1500,0.4875,5731007.30,1,1,2025-10-07,2025-12-12
GJDzNW1m3qEdKtUXYLoQX4go1v6iA7Y3E4NVewX2J5YK,0.3332,0.0000,0.3332,-4000000.00,0,3,2025-10-23,2025-12-13
HUyZAgbkjj7uXLS1KhXQk1Ge3fV3tcPYS7TNBX8XUCQZ,0.3220,0.7447,1.0668,65537187.80,9,8,2025-10-06,2025-11-19
6DZ6knekRHgAV94heNAwYeAwwUxJXAZf79dGaaa3NKeU,0.3200,0.1980,0.5180,1529893.10,2,1,2025-12-12,2025-12-12
9N7jCj6ZuxMA8dXRvKRNroW1TLUoo9khybuABsSU3Gs7,0.3185,0.0000,0.3185,-3257504.73,0,1,2025-12-12,2025-12-12
628RzrmapfdaXqeXyWnebbceBxEsGQ2WmKJcK2UHQpaD,0.3060,2.7940,3.1000,56772901.62,33,9,2025-10-06,2025-12-12
8psNvWTrdNTiVRNzAgsou9kETXNJm2SXZyaKuJraVRtf,0.2993,0.0000,0.2993,367269.00,0,1,2025-10-06,2025-12-18
7F4qQSrsSFqk6JXZxEyZQTFWBa5cyeBMCcX9xt6acpKE,0.2936,0.0000,0.2936,-5182355.62,0,5,2025-12-12,2025-12-13
FZ2UtVH8Z3kHWT42WLXpzAbLnUvovVnU1xxZ2GYiSGa8,0.2908,0.0000,0.2908,-4170626.25,0,6,2025-12-12,2025-12-12
AEpkW4JtwctjCKeLRyPMPVnS3fiuiPg6wwHd8HWEDfah,0.2861,0.9465,1.2326,-53608536.26,5,2,2025-10-15,2025-12-18
6SEPKnYmyavnSQHk21He7pSjFAd119HcUkiP7Dts7dM,0.2837,0.0000,0.2837,-1478661.62,0,2,2025-11-02,2025-11-02
HkhXTsEwtSiLKkNik7Aw48k8PY9568FTeU1qUqYfPmW3,0.2760,0.0479,0.3239,9506928.30,1,3,2025-10-07,2025-11-02
J1rY3Zwawfq4MrPA7uwM9KVgsYHRXBvAFoqU5NMw9exx,0.2676,0.0211,0.2887,1359012.67,1,1,2025-10-07,2025-10-15
HPPrScR2iqiJyzoC45avK3JChESpRX9W5wcFVonJ7e2Q,0.2435,0.0992,0.3427,3386225.19,1,4,2025-10-07,2025-10-19
8SFT3oWjDBFa6Twxu8zXkrpi7BHSsZH679fGz9D9SVoA,0.2235,0.0342,0.2576,-856035.64,1,8,2025-10-30,2025-12-13
Cd6yfpkEBxShLQoCiaW4x8osy99tYbFqHBuJoTtbw3tt,0.1866,0.0000,0.1866,-926267.26,0,2,2025-12-12,2025-12-12
ExZgTxw9vbAJHz65RPoXPZLowEvNgPYCo6nxUd12rM4E,0.1664,0.0000,0.1664,-6666097.38,0,1,2025-12-12,2025-12-12
HMYL4TUQrqcKEqDSKwRddU8xr3WY29Vt6kGZMpPZcwMY,0.1614,0.0412,0.2026,-64581.21,4,2,2025-10-25,2025-11-23
3Y5F26XU7U5vvR6Bx6wcwt5jbFCbHfXsBLVcJRjpzNvU,0.1545,0.0000,0.1545,-4840414.80,0,2,2025-12-12,2025-12-12
QJH9DdkuwqA6DgjoWadfAHwzZ4rLECVNZKxiYhjnRCp,0.1510,0.0000,0.1510,-2117254.68,0,2,2025-12-12,2025-12-14
8wVX1UzMqJQ8FFYnA6UETRiLnAZrNeJjB1os7Rd1zGxr,0.1482,0.1510,0.2992,-3295135.12,2,2,2025-12-10,2025-12-13
A3HtEfaEWwwC8XUYSUVdJ2c9rdAXMCXzPFXz8GJ7mZKU,0.1445,0.1027,0.2471,1860567.02,3,5,2025-10-07,2025-11-24
35ZNq2RNjtAbRN6VxtEw93d8VN7UMpRW2YQ1EULsPrvY,0.1399,0.0000,0.1399,-1200000.00,0,3,2025-10-23,2025-10-26
JBFfY8KMq6qkV855Um2qQF4Nwkbu6dWkuaYyFSWQfzq4,0.1385,0.1882,0.3268,3749153.89,7,3,2025-10-12,2025-12-14
8KFzNrh4CwP8UXn9Qi7y7aTnz2iKg9xYVd4YiDP3Adce,0.1379,0.0310,0.1689,3061538.95,2,4,2025-10-06,2025-10-11
4Eo2yuyZpvQF7pmTCJGd67q18ytqRHZZEKD6oERZHbRM,0.1308,0.0000,0.1308,-387243.78,0,1,2025-12-05,2025-12-06
2rqBjjoyTYwRrsn8sU6wFAhduVWyDcuuVpJyxtfq7VLU,0.1215,0.1023,0.2238,11592446.51,2,2,2025-10-06,2025-10-08
9uRi3YASNUzvGeSaBb1wZ2TvVzdwWWdVDfLS5xZTgiLJ,0.1153,0.0366,0.1519,1021546.38,1,1,2025-10-08,2025-10-22
BoiRk4U6ywVQi4QrwMdgW4VDuq26EUMPo2cYqBF7E1hB,0.1149,0.0000,0.1149,-2282296.87,0,3,2025-10-26,2025-11-04
4EqqzHDn8RDgNnMwRvN2R17tqQaWY11Va5zRWhohp9Pz,0.1078,0.0000,0.1078,-520119.62,0,2,2025-12-12,2025-12-18
DzjssgqvUifPuhB8XCGDV1Zwk5Y7fsEHPfuPoCLj4bpC,0.1078,0.1200,0.2278,-1450670.39,1,2,2025-10-24,2025-11-07
B9hgwkgDYo3CGq5o8nzG8PhNFwyeuVoZH68yFZFFtUj4,0.1018,0.0099,0.1118,4661340.32,1,1,2025-10-06,2025-10-27
DKSem84B7UUhoM4mWz4D9Hm5r2S7tgBpFXWvdUAzVvW9,0.0948,0.0000,0.0948,-276464.11,0,1,2025-11-02,2025-12-11
E4h3kqu6Q8UidAL3UFfyjP2tjGjQZAkoeKP6Pqt9w4jN,0.0820,0.0000,0.0820,-2517101.94,0,4,2025-10-11,2025-10-24
58HydE7EE7AQeHAegEaUmioUpJkNJD6MuzedrU8VLNTT,0.0800,0.0000,0.0800,-174862.96,0,2,2025-11-24,2025-11-25
DZ3wuza3bnXrofUw9pPTG9sA6Z1MMMJHYSXvDPGkcDJR,0.0740,0.0321,0.1060,1198833.76,17,7,2025-10-07,2025-10-21
7oKJVspmgeEZ7bDrBBxTJ2FLvRcJef7baNWCuWN4MMSk,0.0730,0.2918,0.3647,15152544.85,46,7,2025-10-07,2025-10-23
FMbHNWydiiy8v3MTvS8vwbYRQ99h3qCFHDx6mA4SRp69,0.0708,0.0000,0.0708,-2012024.12,0,2,2025-12-12,2025-12-12
9NqhT5J7zJdmWbfhk7Z6uyXiQSU7Sc92c1H7U73TQ9v2,0.0693,0.0000,0.0693,-227901.99,0,1,2025-10-25,2025-11-30
DkYpyUorwJnKh19TLgs7GZMCeQbjLjJhfBMksie6LTGw,0.0690,0.0000,0.0690,-225627.09,0,1,2025-10-25,2025-11-30
CeGjg1J9xSKvpGMmPHAdDxNtQdsuNY4PkM44ZvNpYeK1,0.0685,0.0000,0.0685,-242323.50,0,1,2025-11-05,2025-11-27
7emjvRi3bvt1Dx61ikXgJVV9zQCwyETLBLBGGcTcMZEF,0.0683,0.0296,0.0979,-475679.66,1,3,2025-10-14,2025-10-27
5y9xm2jqALVg6aBp8oWy5QEn1RXURZfFCkQn4rb6wQgK,0.0638,0.0198,0.0837,-2222998.33,1,2,2025-12-15,2025-12-18
4zQyLyqUY9fFCdB3HKDyaFs8gDzc9fuxXJ4D6JxByHsh,0.0616,0.0000,0.0616,-133148.21,0,2,2025-10-31,2025-11-19
659cZbHvgEvUHra4KY7RyqJiD9zZLrgGT4LNr2EH3wmF,0.0614,0.0188,0.0802,707334.52,1,1,2025-10-07,2025-10-18
DChqKBs72k594BKfhzoPkQtM9qsD87rvsvsnHBQC9DvZ,0.0600,0.0585,0.1185,269874.68,3,6,2025-10-21,2025-12-12
9BMPXbY8hTqpzCzar1rXmajx83PiPutYvvuE2cNdcNuA,0.0591,0.0801,0.1392,4005359.87,22,5,2025-10-07,2025-10-20
2mo5jpxwFqGtncKdNWmqPagBibqmTgG7v62SM5EJRG7u,0.0587,0.2329,0.2916,263195.56,8,3,2025-10-08,2025-10-16
CatyeC3LgBxub7HcpW2n7cZZZ66CUKdcZ8DzHucHrSiP,0.0546,0.1334,0.1880,968826.51,2,2,2025-10-14,2025-10-14
CXHE53i4NgX24qyPbaUqBPjPgak5fFgozZRPcUGP1X8Q,0.0504,0.0581,0.1086,727283.90,4,9,2025-10-06,2025-12-12
5FKWxhJB63UQLqAqcY4haYBjCKRMctFVwiVnTAC7FKpj,0.0489,0.0000,0.0489,-656452.18,0,1,2025-10-27,2025-10-27
48GrPmhm4tDE2ivvkPwKXbYFsGE1uXuJLatWd9zmBj8v,0.0474,0.0000,0.0474,-1000000.00,0,2,2025-10-12,2025-10-15
7dGrdJRYtsNR8UYxZ3TnifXGjGc9eRYLq9sELwYpuuUu,0.0470,0.0488,0.0958,1658533.59,1,1,2025-10-07,2025-10-07
DdfdrLPNVKHZLg8ePo3YX2425ZjU5SUjpZhd9Ld9S1dd,0.0428,0.0169,0.0598,464703.09,11,4,2025-10-07,2025-10-21
Bxz98jeuhgPVBfZRMVmawJZxLbGzzDYdVFUnAqGfM6TD,0.0428,0.0040,0.0468,258187.37,4,1,2025-10-06,2025-10-22
9NYsrCEsmXTBqv8DN8hZEZ9sPKZ9D1ZZdDvEDYwikLzY,0.0428,0.0081,0.0510,-936764.14,7,2,2025-10-11,2025-10-20
DQdgPYCpNCWE7DufVBLnGRsSjuU5seznKkKptLStWmBa,0.0419,0.0000,0.0419,-182659.73,0,3,2025-11-15,2025-11-25
CjcYfN7t21DJUC9Y5BrNp9zaNk1rS2HEFuhEDEPe5xA5,0.0417,0.0000,0.0417,-124173.67,0,1,2025-10-27,2025-12-06
21vjEdbXiZZV1E5p6o4kL4RWrE5UsRjsjasEw1Mv7Aiy,0.0412,0.0330,0.0742,2873593.73,4,1,2025-10-06,2025-10-09
FFxvcWpJ66jr4fQkV54aWQckuFd9vqLmrTbzQpjotnEP,0.0405,0.0260,0.0665,464408.90,13,3,2025-10-07,2025-10-23
ProCXqRcXJjoUd1RNoo28bSizAA6EEqt9wURZYPDc5u,0.0376,0.0000,0.0376,-119506.96,0,2,2025-12-04,2025-12-04
D5pRkseJdGXiZrDp4FaBZfZd4JQAWyFp1bE4nw7hUKUZ,0.0361,0.1999,0.2359,7526915.52,18,10,2025-10-06,2025-10-24
A1vgNK8fGcQYazrPAnXD5zy4Akw1sC9DYLxWfqJ6Fm7m,0.0341,0.0150,0.0490,-230319.32,2,4,2025-10-06,2025-12-12
BWG6W1CVPHQfmMsBsKN1Y2HSnniTEsNZHvYfvGYMDP7B,0.0340,0.0000,0.0340,-56954.59,0,2,2025-11-30,2025-12-01
D9ofuFSM5Uzom1ZdshQPXrSy5a7usGQwATY44azvB1t2,0.0299,0.0000,0.0299,-184472.16,0,3,2025-10-25,2025-11-23
6LFrQjagMxgnFYUaxdRgan5fyCUcHfHxzSY6RNGBmdkp,0.0296,0.0000,0.0296,-1154056.13,0,2,2025-12-12,2025-12-12
6V2Zez7mfTcpx3gjmkSWUCuLCbpGwgS6EN2xqXuxgEMc,0.0280,2.1728,2.2008,21607935.35,17,13,2025-10-10,2025-11-01
Bos3jQMtBfQ46keJgmi1YkqBW2R59zsPutmtiMnPzBNV,0.0273,0.0200,0.0473,3168684.74,1,2,2025-10-06,2025-10-06
DLcpi2JnzviPZeMkKqZP1ikWUodq5959hiWeHztUijtR,0.0265,0.0589,0.0854,5218731.68,17,1,2025-10-07,2025-10-23
GKg9HHiiF4yBdirZqbADoVCNWrQAo9ZwT3GzSGJ8ML2U,0.0253,0.0000,0.0253,-147694.29,0,1,2025-10-23,2025-11-12
BnYAffzQ64cP4QzdeeCCHR52UsrgLoDbqwYo7wMWaTje,0.0246,0.0000,0.0246,-51756.15,0,2,2025-11-24,2025-11-24
Ez3MPULGbw3yugxnKdC1PYBCq1bs1de8estG7hHRfYSX,0.0235,0.0000,0.0235,-76383.98,0,1,2025-11-24,2025-11-30
2MXSNJtu1LZABBkQ4rJYHi7c35Qg27YmqsNT86kJrnTC,0.0232,0.0600,0.0833,-60759.96,5,7,2025-10-06,2025-12-12
Dbo3qjR3Xyhz26ZwMV94FYweWktSdi5x4A6rbkjZzqNu,0.0221,0.0200,0.0421,1659775.52,1,2,2025-10-06,2025-10-08
C16cKmtEj95vrGQj9reRu3GeLJ5ABXcLczp2y1yxqsin,0.0216,0.0135,0.0350,-955042.76,1,3,2025-10-06,2025-12-12
EnFMrYQFhCZEAKU6VeXzD6a5PkJz5LZJ194NkJpFEqhA,0.0215,0.0140,0.0354,-946730.90,1,3,2025-10-06,2025-12-12
6TCg3Y8k8c8kVvBWtzunXDtLXNGyeQguYcJ9sPx1bCXY,0.0203,0.0360,0.0562,325516.85,2,3,2025-10-06,2025-12-12
7WM8qDhiSjfcCgvviGVjCAq2BmaGj5HLC3FMRmsG9tvt,0.0200,0.0000,0.0200,-74580.64,0,1,2025-11-23,2025-11-23
GH1emrZKKkxNiT23ZyxivwBH5ep44QV4oYBitQ6RMmEz,0.0186,0.0161,0.0347,-3123971.00,2,1,2025-10-08,2025-10-14
4Y1DLHNN8dqzpzBQLud4zLjpaZCqGckidvkjM54268Zz,0.0185,0.0356,0.0540,322076.85,2,4,2025-10-06,2025-12-12
E2pQgJyChAoZCbC61BBjzivV1jZSpZdaHL2sBEQ8vLqE,0.0183,0.0000,0.0183,-1006003.37,0,1,2025-12-12,2025-12-12
5MBnZ9XkvYA9yxBMuidz3bkihPVSkhTrRUrSho7RMrJP,0.0178,0.0000,0.0178,-991482.95,0,1,2025-12-12,2025-12-12
69fP1imFMsbSRsZBAvmRdMAH8YSMjKTjRdTYxS3tLsjA,0.0176,0.0165,0.0341,-314142.16,3,4,2025-10-06,2025-12-12
Ffdn8U9Jztjjsy7qqujiUmFzqN6JHd8q25SU67BqTPZ1,0.0173,0.0000,0.0173,-977212.69,0,1,2025-12-12,2025-12-12
66VvGXEKVDD3GzMATec7Nch2b3i1hTGqRneYt5jdpvB4,0.0171,0.0134,0.0305,-968713.82,1,3,2025-10-06,2025-12-12
C8qmFonF293MiEsmYbVJjjQHnKmbmnN4FYwCzXwQ1hgu,0.0159,0.0527,0.0686,557275.77,3,5,2025-10-06,2025-12-12
R5Rc9RQcpjRYMATGs1ZKukYpgcZxsj2nXBhY2M6qDCL,0.0158,0.0000,0.0158,-57037.42,0,1,2025-11-21,2025-12-01
iBt37XXA2TfmkPR4vctKYJzqWN4Y4R2B4C1iNCd35S6,0.0157,0.0500,0.0657,202274.32,1,1,2025-12-12,2025-12-12
9K69SdZ7HfaAML6UWoeQwq2cptoiK9pFk5qL6F77eBDG,0.0155,0.0359,0.0514,392582.21,3,4,2025-10-06,2025-12-12
FEp6DVB8WyeCbqrjbU7nuQmDYYGcdH4raJEoPvMfUQFG,0.0150,0.0355,0.0505,343804.39,2,4,2025-10-06,2025-12-12
8vM9VWTHpFKJdyAXMTAVj5w3kjbH2zz1K9S6ps4bfNfc,0.0148,0.0100,0.0248,1452123.56,1,2,2025-10-06,2025-10-07
9WsN8fSuwWkKPMekwsi68g3SXgZnYarxC8AvVFh2bBkP,0.0142,0.0141,0.0283,254186.52,2,2,2025-10-10,2025-10-18
BoaCki4ur683oY5EhQR7u4LJ4kJPepSRMzVHXUC3TP3u,0.0141,0.0220,0.0361,249626.33,1,2,2025-12-12,2025-12-12
hswtMtZrQz1E42pVULzz5GgRHXVd2hdaeSvYSx3BRp1,0.0135,0.0100,0.0235,1480008.96,1,2,2025-10-06,2025-10-07
4Ujg9VCzpu7gEXRprNjacPZEkbDtwyHoCqJEibFBUH6A,0.0132,0.0220,0.0352,246040.34,1,2,2025-12-12,2025-12-12
HrWuK5zC6KVFbWiFZXW3m6hNYRu57r2gnhTdmHArEVVw,0.0131,0.0100,0.0231,1425019.18,1,2,2025-10-06,2025-10-07
DA1e8iQ73Dyq4uCq2rEbifHnvfA4NQGWrSZAYitvd3nx,0.0130,0.0000,0.0130,-39109.75,0,1,2025-12-04,2025-12-05
EtS9osnuXej1nB3ufJ2zi1XxHqCuhR39VamSsWszbCg9,0.0129,0.0000,0.0129,-2108770.12,0,1,2025-10-07,2025-10-14
AxR5o7n98EY6xoNGVhrJ3QGZAS2wRUcbzRnU5Dwbaev8,0.0118,0.3102,0.3220,2669318.06,133,133,2025-10-07,2025-11-21
GNUDsg2v2Noixgd54iQ4VmTsJyGjBn7jU7b4Q5wd4PBR,0.0118,0.0200,0.0318,3046982.18,1,3,2025-10-06,2025-10-07
8Nztq12MMXkuBcPfDDZN4BxHpKMkzLw8A3hsXusJboLv,0.0106,0.0110,0.0216,2018491.35,2,1,2025-10-06,2025-10-08
Hi2ERkH9WbTqsvddRFgurS4KaJGYtFo22jjhkCahRuX5,0.0101,0.0000,0.0101,-39845.85,0,1,2025-11-30,2025-11-30
AB8Tax5iELCBnShM1vze34HdcR4uyrkVXDvAeUPkvcBv,0.0100,0.0198,0.0298,699764.16,1,1,2025-10-07,2025-10-13
F356hrR7UdiHn9byNzhsmXwkQachbbYjMMC617koS6jn,0.0093,0.0000,0.0093,-891670.70,0,1,2025-10-10,2025-10-12
Gj5K5kX2ktxaydCwZZ34xSgPuo7tKYj6qViV5w7i9Wkp,0.0091,0.0220,0.0311,-346207.11,2,4,2025-10-06,2025-12-12
GeBgP1BQiDp3yb5K1UQhKbSReoMkKqobz5rwtJXHUsei,0.0089,0.0000,0.0089,-64000.00,0,1,2025-10-25,2025-10-26
3u7MinPKUZtrc85zJGkC5EPCe8HUMRUWyNbQXBRSyJJS,0.0088,0.0000,0.0088,-60990.86,0,1,2025-10-29,2025-10-31
bGCNLequnuP4KvEtDeCWj8J9EpVjMscYA9TPotSZXkD,0.0083,0.0000,0.0083,-252000.00,0,1,2025-10-13,2025-10-19
FZ4CmtGCy4cUjFvZ63P61v883gFoSe3cgGYVVQeRx3ka,0.0075,0.0000,0.0075,-26820.19,0,1,2025-11-20,2025-12-03
8EzGMYhhSYeQuoXBP3MBvnnhV1RKdgh5fEVEgiFx2dQj,0.0067,0.0794,0.0861,1562771.09,6,7,2025-10-06,2025-12-12
FqsnAz4damV5rb2BXGstFdg4Du61zNTYNrXYtqyJGjNb,0.0062,0.0100,0.0162,33912.86,1,2,2025-12-13,2025-12-13
2dg5Y2hUQKyKe82fU9Tm6bLc4YjoXZ5bvAkrkSWBTNUh,0.0062,0.0000,0.0062,-22247.03,0,1,2025-11-27,2025-11-27
79iQBsxSTUpht36gQ8BvLDAc2AudVWN2iEkXxKdoP3L6,0.0061,0.0031,0.0091,300172.11,2,2,2025-10-06,2025-10-13
73Bz1oQYy2QzUFcWPSd8FAX7HnhXr58f6QiKo2ZXfz9r,0.0059,0.0000,0.0059,-22034.80,0,1,2025-11-22,2025-11-22
BQ1usuk9Xt8JkuGHU4LDCve88QepD61MRBT87xfioNG1,0.0058,0.0000,0.0058,-240000.00,0,2,2025-10-07,2025-12-18
D913J2PpycBdVhtMWDETXkFQSqBwuQWANhFG7UnL5n18,0.0055,0.0143,0.0198,256974.94,2,3,2025-10-06,2025-10-12
bobCPc5nqVoX7r8gKzCMPLrKjFidjnSCrAdcYGCH2Ye,0.0052,0.0573,0.0624,925688.83,4,4,2025-10-07,2025-12-08
8vTHYQJGxpHcYEf4agkoFfoccXhTYqdkva4vdsjiXf1f,0.0046,0.0000,0.0046,-24792.71,0,1,2025-10-26,2025-11-22
9nYPW67vhPSFCLis9xFokGAnEW1QESEWH7bFNFNjgYpX,0.0043,0.0000,0.0043,-29984.77,0,1,2025-10-31,2025-10-31
2wMpSopsqpH8TxciXqqRoViQV96CrKGG1rMd9PcdfpXo,0.0041,0.0012,0.0053,118627.17,1,1,2025-10-06,2025-10-12
Gb6cmcZfPhVbYD3YPV2pQd4ZoWVSLqkdTG4XYEMugoqG,0.0041,0.0012,0.0053,118405.73,1,1,2025-10-06,2025-10-12
42rAu1NoFof7KCnNcbjNRtrZGr4CTXGsJnSRssLgiAxp,0.0041,0.0012,0.0053,118184.90,1,1,2025-10-06,2025-10-12
9KLoQU9R8SHq6wWkw7btne3vtvLNunUytXS2dGJFDvci,0.0040,0.0012,0.0052,117964.70,1,1,2025-10-06,2025-10-12
Fuw9nLU6sZQn2mDFA3ZsVgxhLxabhX9rHVKyAUbZcXCt,0.0040,0.0012,0.0052,117745.10,1,1,2025-10-06,2025-10-12
2RoJG1PmZMrFjQdMqBahyYfePgWwPYDPpYk2Q1T84tZm,0.0040,0.0012,0.0052,117526.12,1,1,2025-10-06,2025-10-12
D2ZwJWEd5MUDribCWYjk6quVdP96G2Bgkx87yY4Wg4tv,0.0040,0.0012,0.0052,118605.80,1,1,2025-10-06,2025-10-12
AUZTY7j6zehkBmvDYECdHDMWdjkYL56KwrVxGESUosDv,0.0040,0.0012,0.0052,117307.75,1,1,2025-10-06,2025-10-12
Hcw9P4gVrDUJaYi5q4gaW135fkDqKhMYbygTMMjH98qK,0.0039,0.0012,0.0051,118384.42,1,1,2025-10-06,2025-10-12
8P3aWTD4tPpoC8yU4G3uTGrwR7wX2AVaLMQX1Btqxyab,0.0039,0.0012,0.0051,117089.99,1,1,2025-10-06,2025-10-12
BHuxtUWz8HppX6xJL3tCC5Y2mvsYt5KbLJJGtyEstNXp,0.0036,0.0096,0.0132,-11386.34,1,1,2025-11-29,2025-11-29
758LF4jY3GGVTKAJYyTK1fJhKWf8si6s85vH92aF2o1V,0.0035,0.0010,0.0045,99646.00,1,1,2025-10-06,2025-10-12
H3DN3qmCtwALBDxZ9RUR5chfCa9TnKfXQ8MiLkS6BCgy,0.0035,0.0010,0.0045,99180.10,1,1,2025-10-06,2025-10-12
DVci8kF3oBkhqRUi6U5PGMdD5uhN3esnXQ1vcdkm8nTG,0.0035,0.0010,0.0045,99490.33,1,1,2025-10-06,2025-10-12
HBons9j7apmrqqxyHFdvaTQtFpmPWcTXYKvDY4Qturer,0.0035,0.0010,0.0045,99335.03,1,1,2025-10-06,2025-10-12
7vzCUcxbW9ZQZRXf3Csv5dBigfUVAUb9YqDZdVJLZqpZ,0.0035,0.0010,0.0044,99025.52,1,1,2025-10-06,2025-10-12
7tFSy7M67ErjjpHZJmsn3J2MFJzLZcy2EHoXAk8ARK8L,0.0033,0.0065,0.0098,275594.38,3,2,2025-10-06,2025-10-08
9vcF7eQipTWqDVAcJQ3dmGz8endxrXZTADeAbbPt9g4j,0.0032,0.0040,0.0072,143154.04,2,2,2025-10-06,2025-10-08
gtagyESa99t49VmUqnnfsuowYnigSNKuYXdXWyXWNdd,0.0030,0.0391,0.0422,155493.85,3,3,2025-11-02,2025-12-13
7ve6hXVp1HEsgMGnJEoGv9Z7J184YQqsAxmGVUdMPcMt,0.0029,0.0060,0.0089,336893.47,2,2,2025-10-06,2025-10-09
HwxNgtoZFFPLRLxSrc9y4ezfHcFvKtYjTYjJqkyGSZNA,0.0027,0.0033,0.0060,98387.47,2,2,2025-10-06,2025-10-08
4qo14MZ6aMQp5wmV653uEKZmxEkNoEnGqd59dVsvp8Ft,0.0026,0.0030,0.0056,79479.41,1,2,2025-10-06,2025-10-08
9szsRmJknP5f6oxpJLWCSCyMhBPiQiK9DV3Dbbebhiwc,0.0026,0.0205,0.0232,1507434.77,13,1,2025-10-08,2025-10-21
co1dafmGrEDyzjRGLwc7iw8woCwcUQFjaa6CWkmsKoJ,0.0025,0.0773,0.0798,756479.55,21,21,2025-10-10,2025-10-31
9RSVzUD4XHHMgRSh9tMmTV6tTLQWbUwWeZ9Thhz3DNi8,0.0024,0.0030,0.0054,407142.20,1,2,2025-10-06,2025-10-08
6PvjPbm4DaUW98KxEJHMsgawfdY4azPLJwN3HHeVxNVw,0.0023,0.0050,0.0073,813212.76,1,2,2025-10-06,2025-10-08
DhNUu2rwxnsmwaLrdh6p9GoYD1Uj8YyiukZbLA2H4juy,0.0022,0.0271,0.0294,169817.34,2,2,2025-10-15,2025-10-19
EV7VScMVUyfe8LKczt5rgJjhfyJy4DnfRGcJJ9g3zjZB,0.0020,0.0533,0.0553,898929.16,34,34,2025-10-07,2025-10-19
Edrwxw2CMxjAEKCcZptfJcTYy9tUhPAiUioj6drJws7v,0.0020,0.0020,0.0040,11471.28,1,2,2025-10-06,2025-10-08
FjVSFBomprMA7UKrEH9VA8RF4W6UuSCAKg4ueoXjcddW,0.0018,0.0018,0.0036,-1275.65,1,2,2025-10-06,2025-10-08
E6ZQJP1fsHhpfTJoEijW3SfL6gZXMTmyiRxWJXFDFBPR,0.0018,0.0018,0.0036,-1960.91,1,2,2025-10-06,2025-10-08
2uGGxrMetvgCWQ7VenGEmFUBRan1dW8BNG3YYZagRefb,0.0017,0.0136,0.0152,3066921.51,2,2,2025-10-06,2025-10-09
5SBbN6TyLsJNP4wZ8MRr61VReysJAxUgESWkx5NJJVu,0.0016,0.0020,0.0036,138366.03,2,2,2025-10-06,2025-10-08
2Qn2GzxHBKAwxtuFkenNETjpHyJDifEeDhCHhBXhmBy1,0.0016,0.0025,0.0041,12839.18,2,2,2025-10-06,2025-10-08
6KzhZEhFLsnoN94qpHLMkk1Dne7xVwUbxrvsMcTb7EDQ,0.0015,0.0020,0.0035,151640.22,2,1,2025-10-06,2025-10-08
EUfKG74Xpcb3oUqNMhvrwcTMLogLkXwrMnks6fEDAujs,0.0014,0.0020,0.0034,135510.32,2,2,2025-10-06,2025-10-08
72xbMKaZANVaVQdSu6BULQxjryrcEkzYm1rZDwgT1ab4,0.0013,0.0028,0.0041,162598.72,2,2,2025-10-06,2025-10-08
D8aLToJWPJ3df9sEsSVUkqtiSF7uHp7ezXpDHBKwgXoG,0.0013,0.0030,0.0043,169838.66,2,2,2025-10-06,2025-10-08
HydraXoSz7oE3774DoWQQaofKb31Kbn2cbcqG4ShKy85,0.0012,0.0336,0.0348,129090.79,9,9,2025-12-08,2025-12-15
34yVeWYmJrUrYGXVkVfrUKYFfVYVNvaQphxzx2B5me62,0.0012,0.0050,0.0062,985278.89,1,2,2025-10-06,2025-10-08
GmMqUAjzzXjnkyX6yy7LXPoNdEidAKN5VLjZnnWK9g8s,0.0010,0.0221,0.0231,40364.16,1,1,2025-10-28,2025-10-29
6g4yBNkdEakFN5qrQ8c2Mz26dbHoakCuM2DNxRq49YMV,0.0010,0.0009,0.0020,68336.38,2,1,2025-10-06,2025-10-08
ADwCpHQ4zfdiRYvCUHJRGQ1X4NbGfxJ3cnKMdrTi71jf,0.0010,0.0009,0.0020,67579.06,2,1,2025-10-06,2025-10-08
3eGkMXpYVbKWnbLuh4MAPRY8yA9EcmB9seh7VrTohWvt,0.0010,0.0009,0.0020,67533.01,2,1,2025-10-06,2025-10-08
74DYf9oprzCTWUEsE86fuoJUSQ4UUEJY3EzApXYbFA2i,0.0010,0.0009,0.0019,67315.51,2,1,2025-10-06,2025-10-08
AX2Sf6bkCCGPN9awFrzt7LCJmEDBHjKJbXE9yEmhMxAM,0.0010,0.0009,0.0019,67269.67,2,1,2025-10-06,2025-10-08
9FpixNTMNWwU7JL7bDvTS7mdZ2m2ZkFgfKDfMDbo5snZ,0.0010,0.0009,0.0019,67019.18,2,1,2025-10-06,2025-10-08
3s5uQYAHd5SQTZF9Gj6kauubuTRotnRhuv6wgfWHzQAx,0.0010,0.0009,0.0019,66973.57,2,1,2025-10-06,2025-10-08
7A9ZnT21uK5NLJq4R3MVsbZrWi2u8uocM19eSjNEzQQs,0.0010,0.0009,0.0019,66928.00,2,1,2025-10-06,2025-10-08
wAVQktfDqjZ1qitnEgZpjGQSGyrx3XwgrcgS1G19w2e,0.0010,0.0009,0.0019,66882.49,2,1,2025-10-06,2025-10-08
D5kuymDE8CTAQ2ANVn8LQXsmoE2Ys4QCFCgAS1oxCN8A,0.0010,0.0009,0.0019,66837.02,2,1,2025-10-06,2025-10-08
E7uhkKw6FFZyx53aL5ymrnKC4tttzjqy3o6kpH9rMmC8,0.0009,0.0000,0.0009,-120000.00,0,1,2025-10-06,2025-10-08
7ctSkuVbF8XPyyh5bokR7agwgFsxtfAucvsbvQt2D6cw,0.0009,0.0000,0.0009,-120000.00,0,1,2025-10-06,2025-10-08
AASjzVp8Ff5qTr41mVTnDEL5zeYoa6d1DN93pdCv7Shg,0.0009,0.0000,0.0009,-120000.00,0,1,2025-10-06,2025-10-08
U18Sc6b3fAxUATNfhMfMPpz72QVgqbTwWAueeXUaJ1q,0.0009,0.0000,0.0009,-120000.00,0,1,2025-10-06,2025-10-08
Ae2Vx4K3ehgT9XQoVmVsux6RN5Cmt9MEmi8rPDTYXHWa,0.0009,0.0000,0.0009,-120000.00,0,1,2025-10-06,2025-10-08
FsY1JzEYLFT2BUKW2LkXd2m6MRomMnzy3oCEhpVRZrvR,0.0009,0.0000,0.0009,-120000.00,0,1,2025-10-06,2025-10-08
AVhRvnMCbN7FXZHp7KnkT2NGU3a6eZteCBgPxjSgiqxT,0.0009,0.0000,0.0009,-120000.00,0,1,2025-10-06,2025-10-08
9aeTPBTJVHacEJzhCQpSu9kGKoUm9t7QrUrEQYH4MeDa,0.0009,0.0000,0.0009,-120000.00,0,1,2025-10-06,2025-10-08
B5ZJQJuuFUYcwi81DXHnypY33cKRqgrupX1gqCZed1UR,0.0009,0.0000,0.0009,-120000.00,0,1,2025-10-06,2025-10-08
GaezFnQ7Wo9UzbgU5HnRryv4AsSotS1bbM3nPZ79E2Wy,0.0009,0.0000,0.0009,-120000.00,0,1,2025-10-06,2025-10-08
EHvKUCpU52WgrKu6yyDdJGMQCSLXEmriAuv3PELUfxJU,0.0009,0.0000,0.0009,-120000.00,0,1,2025-10-06,2025-10-08
HvGtVzGocSDGRboN4CEXP7CBaVdMC2heZMdXnxwfgPhu,0.0009,0.0000,0.0009,-120000.00,0,1,2025-10-06,2025-10-08
FuUDWeaerG8vmuQWaQ6WJgz45pAUwFsCChgxQes2Zbbz,0.0009,0.0000,0.0009,-120000.00,0,1,2025-10-06,2025-10-08
2vu4Go3849WpZ1Ff4U1PxoLzv8zWZU3i2fDxsbDA4LgZ,0.0009,0.0000,0.0009,-120000.00,0,1,2025-10-06,2025-10-08
8WCqmVtNCwtXWo5Pd2U2JqN6rPnsVGgdaxGasgjmxcS7,0.0009,0.0000,0.0009,-120000.00,0,1,2025-10-06,2025-10-08
DifKUryJWS1hEQfFFvnRC64ydBD7Y4RYuDG4cvHkr4ZG,0.0009,0.0000,0.0009,-120000.00,0,1,2025-10-06,2025-10-08
ECDD7erWhXWoTspgEH6UEDjjRstD2obGFDszvLWZuf7z,0.0009,0.0000,0.0009,-120000.00,0,1,2025-10-06,2025-10-08
4uf2LjSany9t8LkoTysBDPGxUckH6WWJ8yiWKUk7drZ6,0.0009,0.0000,0.0009,-120000.00,0,1,2025-10-06,2025-10-08
E76D5NMqj8vp8ufFbnbbwEHP2c7n7BaLUG5bjVQgvP5J,0.0009,0.0000,0.0009,-120000.00,0,1,2025-10-06,2025-10-08
DkaRBcaUgo55gqeiMwxSxxHviXHyohjdRWFMVvjp7iz2,0.0009,0.0000,0.0009,-120000.00,0,1,2025-10-06,2025-10-08
7LLd49eijArwMYgucVD7inMDEdLmxvruu66EKuvbWDGP,0.0009,0.0000,0.0009,-120000.00,0,1,2025-10-06,2025-10-08
NMpzrdDCerii1JHRTMNUjasZJfgAitzhBuy1Kz3hHBz,0.0009,0.0000,0.0009,-120000.00,0,1,2025-10-06,2025-10-08
74edHpkiLoHbHGYMg9dJCeZqyk1JbM22eNuVK4rC9iYv,0.0009,0.0000,0.0009,-120000.00,0,1,2025-10-06,2025-10-08
E11J8GozN6kVETnwiz6VZDvNxNc94X9LEit3rZTMwmJq,0.0009,0.0000,0.0009,-120000.00,0,1,2025-10-06,2025-10-08
A7o1xPt8Gf78UhkiCFwxNU8D73eKUxPCGtaDamgDifEH,0.0009,0.0000,0.0009,-120000.00,0,1,2025-10-06,2025-10-08
K7Y2UWgVDLqbVPZJcTBSj8m8S86FLyUPLSvY3mdX4Z4,0.0009,0.0000,0.0009,-120000.00,0,1,2025-10-06,2025-10-08
5R5iEiZUuAYfXEN62Jw3uQidjf2SmBqAbY7yNtfw6Z1r,0.0009,0.0000,0.0009,-120000.00,0,1,2025-10-06,2025-10-08
7SK2Bjyuxqkwfp3jHGYbps5RWk8JF111RAcnMikLCqix,0.0009,0.0000,0.0009,-120000.00,0,1,2025-10-06,2025-10-08
DCCEgz28WE8hZANzRbitk4jxJZWgTYp7wLXq5Au7tBbw,0.0008,0.0100,0.0108,34914.00,1,1,2025-11-04,2025-11-04
BE23ANmucchhXCF97BkD3etjjtFd1NeL9MQMX8dPqUuV,0.0008,0.0004,0.0012,39412.36,1,1,2025-10-06,2025-10-08
8ogB1EeXKhNk2XeNTcBEiRawpUgTx4Shpdn19bJ3Mz9G,0.0007,0.0010,0.0017,76209.94,1,1,2025-10-06,2025-10-08
2PAnsVDYkuQTMxysupCXQFRxB95h24KN6YafDQv6xX9g,0.0007,0.0010,0.0017,76105.78,1,1,2025-10-06,2025-10-08
6k5nbPWSpcbcCwkg7Hz3qVMbGLRdxgSqYziugzo11GH7,0.0007,0.0010,0.0017,76001.83,1,1,2025-10-06,2025-10-08
G4tinUhbt18yjMGEH2yn359gu54VL3Jj9T5rg8Qrfr41,0.0007,0.0258,0.0265,529836.68,14,14,2025-10-07,2025-10-15
8eRQksj334SXG7WBBhD6uxt4NSTXf6mmBMiYzCd9gex4,0.0007,0.0010,0.0017,76157.05,1,1,2025-10-06,2025-10-08
BX3BZwCpeBmdtUkieVSLKbZLHz9bEaJWCnVP1LE4D8qy,0.0007,0.0010,0.0017,76053.00,1,1,2025-10-06,2025-10-08
8dpp4d3ayff5MpCvxN48eEPN621SgNujG45vmzxBuVyg,0.0007,0.0010,0.0017,75794.58,1,1,2025-10-06,2025-10-08
F2vEBHj9ykM8RvXhEsigSs8VNwQ7hN82H4LxfD2rh3pN,0.0007,0.0010,0.0017,75949.16,1,1,2025-10-06,2025-10-08
44bM6dAGRNW5E61TYxtyueuMupp7kqdx8HZ2hWgZb9WC,0.0007,0.0010,0.0017,75845.54,1,1,2025-10-06,2025-10-08
DK3D1mxVWzcxEiqYd1UVa1cr9ZzpbaqxuxW6C22K1Dtv,0.0007,0.0010,0.0017,75638.92,1,1,2025-10-06,2025-10-08
fck87VFtnrvWLd9UGUhAtqxWi9zBdoUi57gXgVPaic1,0.0007,0.0214,0.0221,94224.24,6,6,2025-10-12,2025-11-07
XoXoL2gjxbKWVNtg672gzQjRi268nTonPHr24qZJzNb,0.0006,0.0200,0.0205,484970.08,14,14,2025-10-07,2025-10-12
RaVenxw8kykBbW7KGBaBsb7fDkkBYK4uJVDSFun6ZxR,0.0005,0.0211,0.0216,52333.12,2,2,2025-10-27,2025-11-04
damnjbgs5YiNCfQYqms2pL5ynNLkQ4WHfrELEFczNZA,0.0005,0.0125,0.0130,202889.84,8,8,2025-10-08,2025-10-15
8BvjKn3EfuUN22SpX1u6jVbcGwJgjQwkRqHns2LLQXSc,0.0004,0.0089,0.0093,89046.74,1,1,2025-12-12,2025-12-12
Coav25hvjD1T2UnH9fv49pmMRK73oJMpqxhH3t3hcho9,0.0004,0.0004,0.0008,34009.64,1,1,2025-10-06,2025-10-08
Lkb6zau6M1BUUq8oHyDmsw3o5gCbMvDwaseUvd5666z,0.0003,0.0050,0.0053,427128.54,1,1,2025-10-06,2025-10-06
GxDC9e7SP9mzhDo4re5HbpLa2RW7gB9DtmThx4i4pXSq,0.0002,0.0099,0.0101,52244.53,1,1,2025-10-19,2025-10-19
7mZx6gZJcGTtvzauAHn4ucyXtRMyP9vGazmjn7L7mva9,0.0002,0.0000,0.0002,-16332.69,0,1,2025-12-16,2025-12-17
xUwUxxg5eLEVfowp1ki2we8JWJjukkriVLY39c55nqa,0.0002,0.0048,0.0050,118332.42,1,1,2025-10-14,2025-10-14
GQhp1metiEge237QfN6rLtFENiz9BW2RCV3s3KPEbWdJ,0.0001,0.0019,0.0020,15781.83,19,11,2025-10-06,2025-11-19
unicoEkagSimimwxejfEv8D6GU3M4HQYRz6TbGQibma,0.0001,0.0103,0.0104,20808.82,3,3,2025-10-31,2025-11-02
AiM1WvYfnoMwRumjAHJBMRHFBjpFBVJhXNKVMUjbUY19,0.0001,0.0069,0.0069,11769.98,1,1,2025-11-02,2025-11-02
5MGfsuYNRhbuN6x1M6WaR3721dSDGtXpcsHxNsgkjsXC,0.0001,0.0050,0.0050,13676.37,7,7,2025-10-23,2025-11-04
HLtnuk5FLQr48jSpSw41xwaEqZ3MoucT1hmVzccToQZE,0.0001,0.0016,0.0017,3912.07,3,3,2025-10-30,2025-10-30
FkdDHrM8j8psKbxuwjV1jBKCM2JGPygkj7WCX8sSCzNm,0.0001,0.0005,0.0006,3833.81,5,5,2025-10-10,2025-10-30
5wMHFyCgRrggsKWrvS2zHDHi7V6xfwfSAsZG95LwXYUQ,0.0001,0.0047,0.0048,18184.86,2,2,2025-10-10,2025-10-30
ATQs6A92eUzdxTBsQhRJxxJDpgYDTGvLnU4e5mMEfY3k,0.0001,0.0006,0.0006,1378.30,2,2,2025-10-30,2025-10-30
SHARKRdGLNYRZrhotqvZi3XAtT62CRGCFxmg5LJgSHC,0.0000,0.0024,0.0025,1869.47,2,2,2025-12-07,2025-12-09
DHFdFqjCMzdG13VNJNrST6MkezAuMzriveCaPZWcBTTT,0.0000,0.0002,0.0002,5341.92,2,1,2025-10-06,2025-10-10
26ooGGTHJwqr56cNg68oQge98LHw7Gq6HQw4grycFtEb,0.0000,0.0027,0.0027,21280.29,1,1,2025-12-12,2025-12-12
6qZRYpsJbx9WDtDfUkbCwopMGK6eh2yEP25Nzb2J4RxM,0.0000,0.0000,0.0000,10000000.00,0,0,2025-10-06,2025-10-06
GpMZbSM2GgvTKHJirzeGfMFoaZ8UR2X7F4v8vHTvxFbL,0.0000,0.0000,0.0000,1199664755.92,0,0,2025-10-06,2025-12-19
EWpyZqpSr1Q1fpQtyQDSjxLyuuvC4MUJrhsZvFNgETQa,0.0000,0.0000,0.0000,38000.00,0,0,2025-10-06,2025-10-08
2gALuew8mstwMY96MAUXCwJ15nYw2N7KsEheA1p7DpXb,0.0000,0.0000,0.0000,38000.00,0,0,2025-10-06,2025-10-08
3gek5VS29SCRXcCYvES5Uo5QX3qMde1LiUCmyYWhvgi7,0.0000,0.0000,0.0000,38000.00,0,0,2025-10-06,2025-10-08
FearJ1eFpDKQhcmdPDKNEdKRX4FJqbGJjQqehMFAvi5T,0.0000,0.0000,0.0000,38000.00,0,0,2025-10-06,2025-10-08
JCbHDYm5tvSPvpGcUdf75uNuNX27yaJqhBM7mJKWeXB1,0.0000,0.0000,0.0000,38000.00,0,0,2025-10-06,2025-10-08
CWS5d3VWsguZu3EAeZfzx9PhEyeSgLQXZ6J8QpBsZHeS,0.0000,0.0000,0.0000,38000.00,0,0,2025-10-06,2025-10-08
GjzipcEFRinP7j5254CGVcxpiCQJv7tiFpb6XBmBpEFi,0.0000,0.0000,0.0000,38000.00,0,0,2025-10-06,2025-10-08
Cu8no6SzU1ktxQhfzPpdfcFx3vxmPS7AqraF6uVTvze5,0.0000,0.0000,0.0000,38000.00,0,0,2025-10-06,2025-10-08
Db6xNwjtXdFWixgbAnZVR8QEiEqzmXkfX6FYTJ9nUWEt,0.0000,0.0000,0.0000,38000.00,0,0,2025-10-06,2025-10-08
EivQk52aQFvsAzCicMKKUmWkpB3YVo9MBxWF5snHd6cC,0.0000,0.0000,0.0000,20000.00,0,0,2025-10-06,2025-10-07
7hzE4dJuNafnF2ShzPfRvDX3diAtiuzktdZECHMhYx1V,0.0000,0.0000,0.0000,20000.00,0,0,2025-10-06,2025-10-07
3GUojZdGspDPsskUUF3c1LCp3v65iH5QwhTfuT7maFSj,0.0000,0.0000,0.0000,20000.00,0,0,2025-10-06,2025-10-07
BYXvcs8rycBRw32X8p43sHWRbn6chCbHrsuHc4eFxvaN,0.0000,0.0000,0.0000,20000.00,0,0,2025-10-06,2025-10-07
4N2tMp8ZWirfLi2nLxKPLDXQyn4qn5iZkJxx2wEZNbMn,0.0000,0.0000,0.0000,20000.00,0,0,2025-10-06,2025-10-07
3y8tLkVCCX385uUbyKCfCeHpfBrzqJpGYUR68p8DizfL,0.0000,0.0000,0.0000,20000.00,0,0,2025-10-06,2025-10-07
AYkGV4RRWtuZkkMyM88dpKLyrjXxZqYRXqBjeu6czttX,0.0000,0.0000,0.0000,20000.00,0,0,2025-10-06,2025-10-07
Fo28fwGgbhyErkEHrMZTp6U4dZQ1vLFkhuHgdNkd1msZ,0.0000,0.0000,0.0000,20000.00,0,0,2025-10-06,2025-10-07
CGYcCzQXcCWM1189QgBtdVVB9FzHj5kbuRtJbTREadRD,0.0000,0.0000,0.0000,20000.00,0,0,2025-10-06,2025-10-07
HNjPH5X6qcG7Ev3gpoxpK1pSyQRugUZrGTys9hcjgqak,0.0000,0.0000,0.0000,-1868644.79,0,0,2025-10-06,2025-10-09
BPrNYyEcJB5754GF9aJrtB2SKJ96j1oLgUJg7dpzankn,0.0000,0.0000,0.0000,-7359107.01,0,0,2025-10-06,2025-10-20
HLnpSz9h2S4hiLQ43rnSD9XkcUThA7B8hQMKmDaiTLcC,0.0000,0.0000,0.0000,1783452.34,0,0,2025-10-07,2025-12-10
C8xBThXt45ktiq5QHa2GziBb4FnCSRG7wSvfBYT3W1hJ,0.0000,0.0000,0.0000,300000.00,0,0,2025-10-07,2025-10-07
B1h4KtXgcJQBt65qLJe6MZtD1rwZMQKMKVTtLfxuXyUL,0.0000,0.0000,0.0000,300000.00,0,0,2025-10-07,2025-10-07
CFCaNkCpi85secioWLVwVx1CTgjaK1N62oH8jkauEQHj,0.0000,0.0000,0.0000,35000.00,0,0,2025-10-08,2025-10-13
8LzQdFqBxzBFx2xgDPacDFZB7Aj1upDbfuy6M5AXChTg,0.0000,0.0000,0.0000,-14040000.11,0,0,2025-10-09,2025-11-05
2P9HSSsph4eZhNFotUiTZFQYnMnQ2uWKoDEks8L316r2,0.0000,0.0000,0.0000,1300000.00,0,0,2025-10-12,2025-10-12
56ymDiytg3uok65ZRFjLT3TzwqiZbHp2uW6tsjgw6RWu,0.0000,0.0000,0.0000,2386022.99,0,0,2025-10-14,2025-10-14
6CSzmTJHru8zjLQeH3qxYoSNueZ1bUad5AtN4daSyH19,0.0000,0.0000,0.0000,509341.81,0,0,2025-10-14,2025-10-15
2rbMgYvzAb3xDk6vXrzKkY3VwsmyDZsJTkvB3JJYsRzA,0.0000,0.0000,0.0000,42611.61,0,0,2025-10-16,2025-11-10
G8YiCZ5FetbeAvB1uoQRTLkV8aaD8EUuaPhHPTdai7Cj,0.0000,0.0000,0.0000,9500000.00,0,0,2025-10-18,2025-10-24
EZfKmUDePbab8Hk2xDJgFZkwjagBqy3jWs16ppFHbSMg,0.0000,0.0000,0.0000,18696.55,0,0,2025-10-23,2025-10-26
GbSGCkPCNWpmYL3hZeGTa6Kur8kLgGSkxLwxRGaQyAiL,0.0000,0.0000,0.0000,18762.85,0,0,2025-10-23,2025-10-26
B293ytxD3vn7o6y2GY913ac7TixqZCvC9jxygc5rAcPb,0.0000,0.0000,0.0000,1300020.00,0,0,2025-10-24,2025-10-30
A3BNkHHR56HcWf2k7fBXkjeso2LJhDZBTHPkkAC5Se9X,0.0000,0.0000,0.0000,150000.00,0,0,2025-10-24,2025-12-06
5CG16Ba4SQ3GBsEjM4kruBU45nVhF5agSmqWNrFRLCcG,0.0000,0.0000,0.0000,32115.38,0,0,2025-10-25,2025-10-25
7471Gf6sbihsfsffxCbEgYm9k9FCGTj2KLfGxpXcr78D,0.0000,0.0000,0.0000,8000.00,0,0,2025-10-25,2025-10-26
7Vu4Reb94JzaVmtamk2L9op3FnwncScLtzHT3NcPcSiE,0.0000,0.0000,0.0000,73041.16,0,0,2025-10-26,2025-12-07
9A8Gg9LPkfHVZuA4ZGC3NrZVVMCEvq3HCoCnCJ35ZKuS,0.0000,0.0000,0.0000,31044.22,0,0,2025-10-27,2025-10-27
DkUzBUj3HHbn38SvJPVawbNkiovYnSjypUdP7UW68zL2,0.0000,0.0000,0.0000,184046.04,0,0,2025-10-27,2025-11-18
G6Pj3i9gp54kAuVXH6nUHfcKn2MJbJ5PFaFhjxL8tp6E,0.0000,0.0000,0.0000,1800000.00,0,0,2025-10-28,2025-12-10
7NB5QhikQVk99zSJqXrdLnGmnr2VuLJvPptUH1xzAJQd,0.0000,0.0000,0.0000,31177.21,0,0,2025-10-29,2025-10-29
AR15eiF5vYhDJQfjqMAZmRYXLr9dE6bcFFfN4qRNC6f2,0.0000,0.0000,0.0000,38166.47,0,0,2025-10-29,2025-10-29
7agNUHZosfAuh9EDVYbsG6Gj4TiN6wYupB1f48DNst59,0.0000,0.0000,0.0000,38164.30,0,0,2025-10-29,2025-10-29
AHS41i3v6wbThRdykUoefcfmBkDP56anEJBcmsezzVEU,0.0000,0.0000,0.0000,163937.97,0,0,2025-10-31,2025-11-27
g7MgkqftSmvaRaD5KzCzXorNjdnvNNybbzdfF9Rhu4o,0.0000,0.0000,0.0000,78616.54,0,0,2025-10-31,2025-12-11
9hzP7snj6JfhVjTjZynKGnTND8aQ47VAtuynvDaBgHJP,0.0000,0.0000,0.0000,21557.05,0,0,2025-11-02,2025-11-15
EEkPfHnDMuD94b3mcBuLD6PQNknvXyx5QvT5hwYj8Le5,0.0000,0.0000,0.0000,29679.90,0,0,2025-11-03,2025-11-17
DTZRmSxHp5vZ8pv6nHVueMagoHX3grurMYWCzJFq1FPA,0.0000,0.0000,0.0000,100142.38,0,0,2025-11-05,2025-11-05
Dm7ivP94k5GwCF1tKkboRyhPEBkxJ9Bn11VJT6jGxvJv,0.0000,0.0000,0.0000,127418.76,0,0,2025-11-08,2025-11-25
CaE9dbEmhF5TthLk1dK3WxMXZ56pC1ySQxeo3RgKc67c,0.0000,0.0000,0.0000,1150000.00,0,0,2025-11-09,2025-11-09
7Vdm9sTd9sVHyv9kciZ2aKjXB694fgNs8b6cKif7NZ6M,0.0000,0.0000,0.0000,2500000.00,0,0,2025-11-12,2025-11-12
HFp9QasBQHkPPpGvUCVdaX27GuTQKP1B377sSiEZijvC,0.0000,0.0000,0.0000,1251688.54,0,0,2025-11-14,2025-11-14
En994zuKyFhvAGhDXzkXq12WQqF4w8vmkKJNqcidBngV,0.0000,0.0000,0.0000,1536505.48,0,0,2025-11-14,2025-12-02
36J93V9c6mvCEt7YNihic11vJNjcd6mjXYD4gxQMNfWe,0.0000,0.0000,0.0000,3352.08,0,0,2025-11-20,2025-12-01
RdXupgLFCp9BS6BwWmZzfekYqJa3MxnpxuCNtuhDCM1,0.0000,0.0000,0.0000,41098.30,0,0,2025-11-21,2025-11-21
ogvtq4PBdEBCeNDLZQpn5RK6xiPfrMYR1ioHF9ZuEt5,0.0000,0.0000,0.0000,426371.19,0,0,2025-11-23,2025-11-23
GDmFxfXaBCJQr2NCE5VHN9usMmWVCtGdrfzDpiiNtzhB,0.0000,0.0000,0.0000,1146768.88,0,0,2025-11-25,2025-11-25
61GnQKwV2pB9dgg3uVzEYdP8ay8QpZCfFBMF7sgzpfcV,0.0000,0.0000,0.0000,25517.80,0,0,2025-11-28,2025-12-10
5LotQyuBTuFEESuiVS7rRwX9s2QZ2gQt82Uz8JMd7sX,0.0000,0.0000,0.0000,1094.86,0,0,2025-12-01,2025-12-06
BURNNeQ2zERsVhL6GgJR45CvGtwdxHeWBs4B5V4zRFgL,0.0000,0.0000,0.0000,9853.71,0,0,2025-12-06,2025-12-06
6N2qr2TmpnCxDbMKiAwBukmEYd7QYz2eJHAgecFB6oSM,0.0000,0.0000,0.0000,-571035.92,0,0,2025-12-10,2025-12-10
3XQwPwykLebDxjzbLoFdSvd2MiLRPLBTQA5PriABcBQB,0.0000,0.0000,0.0000,159312.75,0,0,2025-12-16,2025-12-16
9Gycpd4P21pDUekGW2YhendKeN4S4PSiLrCyNpmiZ5od,0.0000,0.0000,0.0000,887.04,0,0,2025-12-16,2025-12-16
B7hkV8sp6DFe9wqwHD8hxVr85zczbkXW2TTkptCKi9Q3,0.0000,0.0000,0.0000,8663.22,0,0,2025-12-16,2025-12-16
4tWY1ARu79LSVQXefBUe72q9yuqdfxUamZ4o5z4mK83v,0.0000,0.0000,0.0000,8650.02,0,0,2025-12-16,2025-12-16
9BE99Ua3cWNtyLzE4EMYajWYRY8kLnMg3hA8dCbsKprY,0.0000,0.0000,0.0000,7088.22,0,0,2025-12-16,2025-12-16
J1gQtmy31e9KvmvXzSQWcNop3HiNfMzWCuVo1KXgiQfX,0.0000,0.0000,0.0000,6917.62,0,0,2025-12-16,2025-12-16
JD4roiXJ4wdmovuYJSKyNgRBw7bYuv9oM2nCR7tWXHqY,0.0000,0.0000,0.0000,20353.65,0,0,2025-12-16,2025-12-16
8FSfHt5q7BpE26qjYei9Sx2zQJodWyUNPnq7DMHEHXUp,0.0000,0.0000,0.0000,18848.85,0,0,2025-12-16,2025-12-16
Gcyfrn52Y7URUQS46y6yUqyo12XncZqzqLLXFs4yqeUD,0.0000,0.0000,0.0000,17741.51,0,0,2025-12-16,2025-12-16
2DMYzEcNgGrarSh8Seiw5BJfiGtKcnq2pw7rqfbrfRN8,0.0000,0.0000,0.0000,17326.44,0,0,2025-12-16,2025-12-16
DDNacHu96mBJ6qot4oBAYUXv1WRh6AEuZ7hWYaZCRVZg,0.0000,0.0000,0.0000,12530.11,0,0,2025-12-16,2025-12-16
7mpufy4CuDkQ8uGH4MkzMZ7K5f99TXVCWWyrkj1ogK4w,0.0000,0.0000,0.0000,74840.67,0,0,2025-12-16,2025-12-16
6eahhBkzozgoXVTzBhMjNzhCPp9aCKUCDBd6K5ZwuzQP,0.0000,0.0000,0.0000,60983.86,0,0,2025-12-16,2025-12-16
2Z3PDxQzU3XLvE7Z7N2k1D95zSvJwpHNBdcXMK37tRCC,0.0000,0.0000,0.0000,40538.44,0,0,2025-12-16,2025-12-16
6kEKVoiqJfcLGixWq2AZaWzGXXxQkfjWdFwMPNnRB5f2,0.0000,0.0000,0.0000,27935.33,0,0,2025-12-16,2025-12-16
32y6LDstWL662jpQSGR6CGPHHA3TPbqzduBjcKK24Tae,0.0000,0.0000,0.0000,11107.57,0,0,2025-12-16,2025-12-16
EcsimMyJQ9Eyz5pawrz5HqRi7DEycBCTNkzzYYyBeW2N,0.0000,0.0000,0.0000,22482.83,0,0,2025-12-16,2025-12-16
HcMpZYpQB1Q7zVe8UawkT4fuvGEMhSxwLYBnuJLQaccs,0.0000,0.0000,0.0000,20977.66,0,0,2025-12-16,2025-12-16
6TTnqfiqoJDPijDEjB5kTz6o6BPgUVLuBSrAQ4HiUcrN,0.0000,0.0000,0.0000,7983.39,0,0,2025-12-16,2025-12-16
2t3Vnqg7niZr3hXKrxBr1E9r6YTvKFhsuSu5P6upiRJp,-0.0000,0.0000,0.0000,400.42,1,1,2025-10-06,2025-10-06
AXA2k9FKgTyUaaQSAvB7qVHUsnRJJST2rsmF6EFDZBHZ,-0.0001,0.0001,0.0000,39497.92,1,0,2025-10-06,2025-10-06
GoabPiARnV45METVvtsoSDKuWgJRrJBLfDhKBDKJpxnm,-0.0001,0.0001,0.0000,42813.23,1,0,2025-10-07,2025-10-07
HE3F6Pn22dQpK4sTDej88ixat1eT4EoD9CMN8pj4SLBk,-0.0001,0.0001,0.0000,15612.66,5,0,2025-10-10,2025-10-11
D5vh8AwXWhmA7hTV2aeC83AFXYsxtx4nb5kGax5iiME1,-0.0002,0.0010,0.0008,6763.13,1,1,2025-10-14,2025-10-14
E5gSRihgu9pYxpW2TwNNCQpgJjBUm1PkEMFHiFiDRnRY,-0.0002,0.0050,0.0047,329884.74,1,1,2025-10-06,2025-10-07
ricEmGn6WZ9kN2ASm1MAt7LoE1hBgu1VcQrjRwkAPfc,-0.0004,0.0004,0.0000,125594.53,5,0,2025-10-06,2025-10-14
3WVcDPEtR5RGV7SHCX6DULfdujyf8YeCLXY2Ke12QAG6,-0.0005,0.0050,0.0045,422441.36,1,1,2025-10-06,2025-10-06
GRZh7wWAuPydeMH3TJ8TUsCgwArtUkAmkn366BdF7JRT,-0.0006,0.0050,0.0044,9805.53,1,1,2025-11-04,2025-11-04
7mdHhUzXAsoTcb1FkJ5PNpx9ohXj8xnscJkudyWS2BmB,-0.0006,0.0025,0.0020,81513.81,1,1,2025-10-08,2025-10-09
6pfhvbpHKtAyyGeE4kF7JsTHhz7k7mpuMmnmcdH7CeLK,-0.0009,0.0050,0.0041,214497.77,1,1,2025-10-07,2025-10-07
EYFrb9n5drHHHgn6Xydzi9ykZmUiJ35JSLaCc1iyumFU,-0.0012,0.0261,0.0248,1639309.48,17,2,2025-10-07,2025-10-23
HNo2jppzT7axNcow7TjxWweFbbX8Fz1E8NZvuggWDded,-0.0014,0.0500,0.0486,4457163.06,1,1,2025-10-06,2025-10-06
BzjePtftYZjakD36cBrr23RRkUNQY2TmHCjhDaR89Zvg,-0.0014,0.0014,0.0000,252079.89,3,0,2025-10-11,2025-10-21
APG7ujzRajEDj2yGXoqCUH32YbTF3VZqWWhUwfF8ycT9,-0.0017,0.0065,0.0048,28821.84,1,1,2025-10-15,2025-10-15
5qhXREsXmcHS7vVL7gjD5URq55uRP5pWwDCA6jvs2eRH,-0.0018,0.0100,0.0082,415676.88,1,1,2025-10-07,2025-10-07
Gt5BMfhnbsPE6JeuM2xmQkcysNK2nc2SVJXhoCsCMAN1,-0.0019,0.0100,0.0081,542384.17,1,1,2025-10-07,2025-10-07
LvjCuiYEvNiHiXNAMUPUDbuCrmaMTUyubLypXwn22Fm,-0.0026,0.0317,0.0291,126466.97,27,24,2025-10-19,2025-12-09
71Ec9X3YDPiXirtdJTXqrBchWUaMbj4AfvEb9Zv1kEuU,-0.0029,0.0029,0.0000,401465.31,3,0,2025-10-11,2025-10-21
89GQvXMmTzpPwLcdqvT35jurnVnqHrazFCVQA9qxB3fR,-0.0030,0.0030,0.0000,222331.54,3,0,2025-12-16,2025-12-16
ErdmUvHpNV13j6H6KoQfCFFU7qgaz2GTVc5QbtmPZz9n,-0.0035,0.0551,0.0516,2207857.67,21,3,2025-10-07,2025-10-21
4HsStbJVFZpwAbQ37FMWAjZmQgxrtHNGSbUrM1wyTAEq,-0.0036,0.0150,0.0114,1403409.07,1,1,2025-10-06,2025-10-06
AEeNr1RpnT9qoqXxQ3PxSXjJvhia7XYrtQBqM9q3rseJ,-0.0036,0.0139,0.0104,257247.93,2,2,2025-10-06,2025-10-12
7ZbqvjyYdt6rBcz2MNKC5rBFQW9MzAgHjoE25pR9hfHe,-0.0037,0.0140,0.0103,257194.04,2,2,2025-10-06,2025-10-12
QzZ9vQErJY9HNNHHhpLYKXsgrRgU4a1ySF6ojYb7N3W,-0.0044,0.0138,0.0094,222934.82,1,1,2025-10-10,2025-10-12
9Quai5qWgr2q4x2krqMN7adsQqJ4otQptBaKtEd9MKDR,-0.0048,0.0100,0.0052,394712.98,1,1,2025-10-06,2025-10-07
57BAhQRLhmW7CUcAG4PX4KQxPxHNqgqQkkiULBdiinJG,-0.0058,0.0200,0.0142,701758.98,1,1,2025-10-06,2025-10-06
2nDuFmFWtpT17zA2XAL7nwtxARPrSZqr13RoFWL5HKiv,-0.0058,0.0300,0.0242,1665339.95,1,1,2025-10-07,2025-10-07
BfDDjHs5UpnkA5moUrPynDumejCrovjqBe5tZELqGAZa,-0.0067,0.0200,0.0133,574084.64,1,1,2025-10-07,2025-10-07
6LJ5MQLiLGRByoxwh8xzfohYR1KW6cAJbMz85f4FgnVU,-0.0067,0.0330,0.0263,308553.72,2,3,2025-10-06,2025-10-12
9D4RPXsBc27qVWZguCB6A2tTPMvJfMvwF2Wns2BESxxi,-0.0068,0.1000,0.0932,870211.74,1,1,2025-12-15,2025-12-15
BosfVsXbf6jxpuNJd9zzPr83FLrdkSWDEMXDxmwbRJgv,-0.0069,0.0100,0.0031,415273.00,1,2,2025-10-06,2025-10-06
9Lhvv8jpMyZeDgsK8SrHy7wPkWax3UhLTSKCsFtqU3hb,-0.0074,0.0074,0.0000,594584.44,3,0,2025-10-08,2025-10-15
5yfEuroCDbc7ZyUQJtStrR4yFua4nP89jCuSCcgsqe1X,-0.0075,0.0108,0.0033,5247564.28,2,1,2025-10-06,2025-10-08
5hcuxSXSNj3EPPs8aiktpxy6BaWCgvEHzWmhVeLGca4Z,-0.0079,0.0496,0.0417,5269119.23,1,1,2025-10-06,2025-10-06
G3xfHU267fZjMZuTadom6yHwoGg3EqdM2hFCN4gZeKx6,-0.0082,0.0297,0.0215,2197252.55,3,2,2025-10-06,2025-10-06
4rnm8AUz5wVFLiYWzmsSa6638Hmb2RtYBic1SerE9oWW,-0.0086,0.0086,0.0000,3845572.41,2,0,2025-10-06,2025-10-11
6SjzDunpZUxiJybqYTYyYaNzY9VjW8E7bdBk8xGYtBfP,-0.0094,0.0204,0.0110,1522102.06,13,1,2025-10-10,2025-10-21
FLUxh4WmRFFxkYSHLF6bcG3ym1SRu7cpmBFfjbPmGYcA,-0.0095,0.0200,0.0105,1136649.53,12,3,2025-10-08,2025-10-21
HEeL77WmYDAffZokrjNS8qe5wodu7rZ8khTcsE9BPJ4X,-0.0097,0.0097,0.0000,4164067.39,1,0,2025-10-06,2025-10-07
6JmoaF8irPW3e8icKSVVdEP6M2d5HiaJr4ZcTAgBkepZ,-0.0101,0.0300,0.0199,844270.40,1,1,2025-10-07,2025-10-07
CAENd3s3mDyw3yGvJCmWs2Rer6h5eLzztS4TMsytLmbt,-0.0112,0.0112,0.0000,1966307.36,1,0,2025-10-09,2025-10-14
A31xMeBLt5gvdke5zSYQ4fQyFsisMzfD1JQNoPncMkXF,-0.0149,0.0233,0.0084,1748461.39,14,2,2025-10-07,2025-10-23
7GgYvyRHPe1BwaopPbHTGGwtRSiy6eaXmXGd8UG2kaKd,-0.0156,0.0813,0.0657,450243.84,1,1,2025-10-22,2025-10-22
5NiSDcaFydLscKrpcoupRTWwEyNqWbMLekikmHY5SFM5,-0.0162,0.0204,0.0042,1791348.55,10,1,2025-10-07,2025-10-21
E9EQuJxbgb62HeYEX56GWkbWauXxLe3xWqSPUp5RbED5,-0.0165,0.0165,0.0000,2584783.59,10,0,2025-10-08,2025-10-14
GHyrykmnJZzhRY3xfWxEAr27rtL3NGxUKrGKYYpZpHqc,-0.0194,0.0194,0.0000,5783463.20,1,0,2025-10-07,2025-12-10
BoM3XBa1S9aS4AdKPsuPnPFRZhpySSU6gfoisq75y5cW,-0.0207,0.0300,0.0093,1222189.77,1,1,2025-10-06,2025-10-06
2i4ea4YwTetuFBEy6mMRcnhLcXEgrFnyYNuwJCRZ9d59,-0.0230,0.0230,0.0000,1368837.85,1,0,2025-10-12,2025-10-14
225so32rAevqMzKMBMLwcnSoPpdQkiMV8Hc9CgoECYb3,-0.0233,0.1000,0.0767,406405.72,1,1,2025-10-15,2025-10-15
nZVDdqX3QAvDnxSq1jVd2ujMZGUp3kgv86xzyTaxJAE,-0.0239,0.1277,0.1038,610461.29,4,4,2025-12-13,2025-12-14
HptbyT2GuCwAeVLiagTNHWZoN5PL6RRLV2vX6F8sD5QL,-0.0249,0.1000,0.0751,427401.34,1,1,2025-10-15,2025-10-15
5Rtj1rxzZMfBuRvYf3RvUBgu5EFxqFFPCLdmWQsVq1Ym,-0.0271,0.1646,0.1375,1357074.19,15,2,2025-10-28,2025-12-02
Dqky3tf668cNUdz49haXTWT8tV91FrTDYzUf4KdfT8RB,-0.0292,0.1500,0.1208,666415.52,1,1,2025-10-15,2025-10-15
HNs6y1MT21bs5jkiDoquC9hv5CjmudHt9vEzKUpmh69w,-0.0300,0.0300,0.0000,9187069.48,2,0,2025-10-09,2025-10-09
BhLVQcEBy83ry2hBiVhuYQCQpDH3PQdcV2cFuA87sKSy,-0.0307,0.2800,0.2493,404330.69,1,1,2025-11-10,2025-11-11
BH1iJRQjMYZJVXgtMBAwTCmZuWLEWCZqcejGRWjdxYGV,-0.0313,0.0349,0.0036,177669.15,18,1,2025-11-28,2025-12-16
HqY4P5UcuvYHXfX1NHg5rdd42mw7hcacktwKV7NWgyC7,-0.0347,0.0347,0.0000,2191857.62,1,0,2025-10-12,2025-10-14
7KJRswXsqcmPhCQmaA4kSxTCjGTzyy7VsLipbbU7GfFu,-0.0386,0.2823,0.2437,3206493.25,2,2,2025-12-15,2025-12-16
DhWtX8LxA8gPv7bCbmyCpBAN455Viso8JmTbPZyW4UCa,-0.0484,1.2280,1.1796,2331831.34,3,1,2025-10-23,2025-10-27
FfbXkvVw6HbedopCXNa8By6bENgzbyz7tYR4v8tqiAxd,-0.0653,0.9000,0.8347,69086869.02,1,1,2025-10-06,2025-10-06
2KkEykmvkaLDjUfuNcqnYuRFajaE5uB9dTZjYu866Mvj,-0.0668,0.3916,0.3248,12478759.64,1,2,2025-10-07,2025-10-07
EuVvXs5FUnHjMRgfFD9xZghkH4f1gRZHbStoB6DXskZQ,-0.0744,0.0744,0.0000,8255148.22,2,0,2025-10-08,2025-10-11
HXzdyGkmpNKAJfcebrMmxhcPHyety1bSUPqwqTpXrYnY,-0.0779,0.1500,0.0721,5718982.70,1,1,2025-10-06,2025-10-07
6o4s2Dkdj3HsB4DnfzWc6XCDBwsF3f75FX9nuSvVPSAD,-0.0780,0.0890,0.0109,37722574.49,8,1,2025-10-06,2025-10-14
D7mQ2hxc9nP3cSD9UFS1nSGu3TbdoENyjYdEoePU19Xt,-0.0797,0.0797,0.0000,8720241.15,4,0,2025-10-09,2025-12-10
22P6HZ65tMhSdVEcZCrXi1B18nBvm5LhTsmYdueVAshx,-0.1002,0.1002,0.0000,4242464.37,2,0,2025-10-19,2025-10-19
29sJQ3Xb6CXhjvoC6wMnpQvChpswdKrCmM2b2uULcK8y,-0.1184,0.1184,0.0000,-39320.08,1,0,2025-10-26,2025-11-02
9qJgb1i1ZQgn6yCp7XrmxaSfxcagNE2J8yVadY4yUhRH,-0.1336,0.1336,0.0000,32998326.10,4,0,2025-10-24,2025-12-18
9RYuwA5jRQHNJQ5wDfLXjXgbhVBEvdYTSdvdykk4L3Sm,-0.1425,0.1425,0.0000,5812281.87,1,0,2025-10-16,2025-10-16
H9kufedd9X76wXJ4cS9xmzBDU6nCyG4qLrUDBba9TxqZ,-0.1438,0.1438,0.0000,3206577.64,1,0,2025-10-06,2025-12-11
958NhZnaTDnf3M8igXVSHV5fKAPZrufpYLBVZRXgob1P,-0.1646,0.1646,0.0000,2546253.79,11,0,2025-10-23,2025-11-08
7CAMysfzZ3tTAnyHXt1tLLSY92se3zhS6vTiJDXfGXJP,-0.1819,0.2360,0.0541,2525220.18,34,2,2025-10-14,2025-12-07
4c1D6iXb6aG2fnKXDcWjhNx49ReQ6M9aMquiXsWoHwC3,-0.1865,0.1865,0.0000,3556282.63,2,0,2025-10-06,2025-12-11
8AiytGY4Jquyr9HZ1uS7axC2y1vkNqNEChqirX8RZQLc,-0.1896,0.1937,0.0041,10230977.68,6,1,2025-12-14,2025-12-17
H4yZb4RCnGDh7sT9hDJsEdS14mp3Jm95a1AYhJJ99sea,-0.2000,0.2000,0.0000,38345571.91,1,0,2025-12-16,2025-12-16
8U8zDZjFgL9NMGTxhkB3KwgyrvuXMWU969K4nobG7KP3,-0.2473,0.5236,0.2763,-6828877.86,2,4,2025-12-10,2025-12-17
F4KHDgyUpi6AgJHuQSbGH1GtrAygTQZE9t3DWe1B5RE1,-0.3546,0.3596,0.0050,4459095.63,7,6,2025-10-12,2025-12-18
748CKiL3MGNSZefVwsTTZ8PTkvZ5jYFhWTQbasXKc2ag,-0.3598,0.3598,0.0000,1914263.92,1,0,2025-12-10,2025-12-15
6q7hFLvXsjNNBPdDrkJy6bwkooqL2GJ8DEcnGkQo73U8,-0.3992,0.3992,0.0000,5747637.85,77,0,2025-10-26,2025-12-08
4jRpSj5GYsQbQxp5t1W3oTVVsk8BBYeenc3D28fiY1Dw,-0.4462,0.4462,0.0000,16915157.28,3,0,2025-10-14,2025-10-25
Ha8PtYmihUAqH6iwiKaxw1pxNpj3QhN9udT46L5cbjLv,-0.4704,0.4704,0.0000,64909042.92,5,0,2025-10-07,2025-10-19
EFyxqe1xBACHMeKhkCqFu8QiMG4qtUzdHRxPmbjAVyH7,-0.5466,0.7119,0.1654,13053468.16,78,3,2025-10-15,2025-12-14
HY8pWqhnNXmyektecHfX85hJuDVSUDKDzL5ziUkDSZu5,-0.5777,1.1743,0.5966,105891430.74,40,11,2025-10-06,2025-10-20
7gVjnPnogRsNd5MWxXguDaRHrCAPaz1oKmmMhfv7W5H,-0.7856,5.5292,4.7436,-25791485.96,8,4,2025-10-15,2025-12-15
AuVZJRKioYCgHGjWnz8r8vJJcUdXQPfro8PBwPXHG2Yq,-0.8660,0.8660,0.0000,17763258.28,3,0,2025-10-19,2025-10-19
D3jiMsZTivAzYtwQFrMSUfU13638NeUUSbaGq9JwPSyP,-0.8901,0.8901,0.0000,27021262.07,9,0,2025-10-23,2025-12-10
952zmBcstby9cF1UGPBUwRADSNtrMxC2iJ5PYvGmfs2G,-0.9158,0.9158,0.0000,81278366.64,42,0,2025-10-08,2025-12-16
CYE2HLDXTBM9DESV7TzjA5fEMkTFb2aJgx84LcxtKTrk,-1.0651,1.0651,0.0000,55024647.87,4,0,2025-11-05,2025-12-18
4YGnyznyER3zGyYFVWTonb2nuiJnSBrPCRtu2bQbe4QB,-1.3386,1.3386,0.0000,28103936.28,5,0,2025-10-24,2025-12-18
E3qXLdPZQ69STwYjWTmB9J4ynGxMHLc9RYBmZoAu7kxL,-1.6284,1.6284,0.0000,20949375.79,5,0,2025-10-15,2025-12-08
Bm2TsdCtWhmKzUpnHcMNS6Tv2jPyhfCQF1YAtFwNRWbE,-1.8450,3.3271,1.4821,28904380.71,19,1,2025-12-04,2025-12-12
41F7dcgEow7u3Nm5vPCn8FuAikNYx9NUuhT81euXPVAM,-2.6150,4.6662,2.0512,-19930795.18,14,4,2025-12-03,2025-12-14
XsZwdYeb8HHaXtPDZVyiNj6XyK1iXCQwoGv6Fxz6msm,-3.2318,8.9574,5.7257,22985413.46,59,6,2025-11-21,2025-12-16
BjuEs4JtdZiAHzCqbHDtFkxd3LKCJHjKSpnj8ivexaPF,-3.3175,10.8126,7.4951,60536232.57,70,13,2025-10-06,2025-12-12
2Ljxv3hT9kBpUDaScyuZuNEYxQX52Vzpv1ggAAR2mKm8,-3.9963,3.9963,0.0000,22514532.93,10,0,2025-12-08,2025-12-10
HGezrugGoTBeXBdZoHLm9kpuPf67mavMyCYfGGRJBkNn,-5.4250,10.8754,5.4504,27086958.44,37,10,2025-10-06,2025-12-12
